file,pick,cos1,cos2,cos_margin,noisy_P808,noisy_SIG,noisy_BAK,noisy_OVRL,enh_P808,enh_SIG,enh_BAK,enh_OVRL,dP808,dSIG,dBAK,dOVRL
A1N8TKTLXV92QR_M_Typing_Regular_HS_Desk_Primary_fid2.wav,1,0.5895556211471558,0.3740207850933075,0.21553483605384827,3.3406288623809814,3.5117061136088057,1.9108928523403466,2.1804969125810394,3.096691846847534,3.1540523740798756,3.0076759439037364,2.48984485304069,-0.24393701553344727,-0.3576537395289301,1.0967830915633898,0.3093479404596504
A1OB5000KCKNJD_M_Baby_Emotional_HS_Desk_Primary_fid101.wav,1,0.5997623205184937,0.3452102541923523,0.25455206632614136,2.9806559085845947,3.478434223895212,1.9380889031976836,2.112625373596157,2.927873373031616,3.0887674147849435,3.925652933165397,2.7135932012127766,-0.052782535552978516,-0.38966680911026863,1.9875640299677133,0.6009678276166195
A1OB5000KCKNJD_M_Breathing_Regular_HS_Desk_Primary_fid25.wav,1,0.5714107155799866,0.27799925208091736,0.2934114634990692,3.248901128768921,3.6434101085656097,4.070697998462329,3.3548826450663762,3.4954559803009033,3.626744577957066,4.1097199581670765,3.314176799526528,0.24655485153198242,-0.016665530608543477,0.039021959704747644,-0.04070584553984835
A1OB5000KCKNJD_M_Breathing_Regular_HS_Desk_Primary_fid26.wav,1,0.560937225818634,0.24402545392513275,0.3169117569923401,3.2325117588043213,3.5932938760595707,3.946440972354475,3.208651203232621,3.399812936782837,3.4961039213364824,4.152096584712518,3.185288737973538,0.16730117797851562,-0.09718995472308833,0.20565561235804264,-0.02336246525908292
A1OB5000KCKNJD_M_Copy_Emotional_HS_Desk_Primary_fid2.wav,1,0.5221297144889832,0.3021298944950104,0.21999981999397278,2.988748550415039,3.5183290657574657,2.0805593801826014,2.1416816423152176,3.2320821285247803,3.443449318340047,3.5336245362738703,2.901111912307637,0.2433335781097412,-0.07487974741741876,1.4530651560912689,0.7594302699924196
A1OB5000KCKNJD_M_Dog_Regular_HS_Desk_Primary_fid5.wav,1,0.6106129288673401,0.3446430563926697,0.2659698724746704,3.6268134117126465,3.6007972795618537,3.8829871305068995,3.2054803902474966,3.7058305740356445,3.5941725329744334,4.063071098399488,3.281482193742249,0.07901716232299805,-0.006624746587420294,0.18008396789258896,0.07600180349475227
A1OB5000KCKNJD_M_Fan_Regular_HS_Desk_Primary_fid11.wav,1,0.5194531083106995,0.21004579961299896,0.3094072937965393,3.08300518989563,3.5241211725695694,2.993544370266994,2.67258286676959,3.025195598602295,3.3233693041360635,4.074194911526221,3.0182576541584663,-0.05780959129333496,-0.2007518684335059,1.080650541259227,0.34567478738887614
A1OB5000KCKNJD_M_Munching_Regular_HS_Desk_Primary_fid10.wav,1,0.5581635236740112,0.30680692195892334,0.2513566017150879,3.2956466674804688,3.518645726710284,3.0608814685050434,2.685077289140433,3.613147735595703,3.4500986982535546,3.8132844446210115,3.0343610068316114,0.3175010681152344,-0.06854702845672955,0.7524029761159681,0.3492837176911783
A1PUWQYUQRGCO_M_Breathing_Emotional_HS_Desk_Primary_fid15.wav,1,0.42657944560050964,0.14047090709209442,0.2861085534095764,2.647641181945801,1.216695691376195,1.2110469804615758,1.148940674086794,3.016381025314331,2.9684354916551072,3.2488845885634845,2.3564250056412477,0.3687398433685303,1.7517398002789122,2.037837608101909,1.2074843315544537
A1PUWQYUQRGCO_M_Water_Emotional_HS_Desk_Primary_fid32.wav,0,0.28774571418762207,0.5374413728713989,0.24969565868377686,2.7204818725585938,2.5592135244808243,2.0366653774979153,1.7740009162119321,2.35673451423645,2.2720129325695195,2.7195635779873797,1.8519931553995417,-0.36374735832214355,-0.28720059191130476,0.6828982004894644,0.07799223918760956
A1QUQ0TV9KVD4C_F_Chair_Regular_HS_Desk_Primary_fid1.wav,1,0.6804994344711304,0.4183816909790039,0.26211774349212646,3.504676580429077,3.6063016458813735,2.7249633727950924,2.6085566146520605,3.9785454273223877,3.543471752009244,3.6206159568076863,3.0597933924528933,0.47386884689331055,-0.06282989387212945,0.895652584012594,0.4512367778008328
A1V6P1ZE6Q8YEW_M_AirCon_Regular_HS_Desk_Neighbor_fid4.wav,1,0.6179906725883484,0.3150750398635864,0.30291563272476196,3.0177032947540283,3.0083239349299027,2.103613347547067,1.8821130700662245,3.6182072162628174,3.0813754683002035,3.33860047802988,2.546574547396183,0.6005039215087891,0.07305153337030079,1.2349871304828133,0.6644614773299586
A1V6P1ZE6Q8YEW_M_Clatter_Regular_HS_Desk_Neighbor_fid220.wav,1,0.5466631054878235,0.2965986430644989,0.2500644624233246,2.8566954135894775,2.369511888677266,1.7926171406639433,1.5763737774969677,3.1306774616241455,2.9568460096824163,3.4840870912075967,2.4828735755601765,0.27398204803466797,0.5873341210051501,1.6914699505436535,0.9064997980632088
A1V6P1ZE6Q8YEW_M_Copy_Regular_HS_Desk_Neighbor_fid36.wav,1,0.615866482257843,0.2966311275959015,0.31923535466194153,2.994655132293701,3.507334824343479,2.6572451554609637,2.443124249058819,3.6286797523498535,3.463442836902581,3.4629938058774163,2.913850127762651,0.6340246200561523,-0.04389198744089784,0.8057486504164526,0.4707258787038322
A1V6P1ZE6Q8YEW_M_Dish_Regular_HS_Desk_Neighbor_fid34.wav,1,0.6199593544006348,0.23568186163902283,0.38427749276161194,3.163191080093384,2.238821915753877,1.57019713688547,1.4534235667890294,3.1008541584014893,2.6595480924749015,2.961677156087463,2.0372032985680515,-0.06233692169189453,0.42072617672102464,1.391480019201993,0.5837797317790221
A1V6P1ZE6Q8YEW_M_Door_Regular_HS_Desk_Neighbor_fid36.wav,1,0.6478219032287598,0.351117342710495,0.29670456051826477,3.17612361907959,3.4412305058016637,2.833559965145808,2.505374917970812,3.819479465484619,3.333435327421287,3.6608136960822337,2.854069782952528,0.6433558464050293,-0.10779517838037656,0.8272537309364258,0.3486948649817161
A1V6P1ZE6Q8YEW_M_Fan_Regular_HS_Desk_Neighbor_fid32.wav,1,0.6295632719993591,0.4150806963443756,0.21448257565498352,3.3534088134765625,3.2328762815487417,2.652201251288575,2.268643349143162,3.8133082389831543,3.2829879755239926,3.4729983938272135,2.7439854955225997,0.4598994255065918,0.05011169397525084,0.8207971425386384,0.47534214637943784
A1V6P1ZE6Q8YEW_M_Fan_Regular_HS_Desk_Neighbor_fid33.wav,1,0.5837122797966003,0.327290803194046,0.2564214766025543,3.2319867610931396,3.5695906068463743,3.0779884272158697,2.7413822064593676,3.2398669719696045,3.387509374249136,3.514323342732092,2.8731087791499546,0.007880210876464844,-0.18208123259723852,0.4363349155162224,0.13172657269058696
A1V6P1ZE6Q8YEW_M_Fan_Regular_HS_Desk_Neighbor_fid38.wav,1,0.6442093253135681,0.39159438014030457,0.25261494517326355,3.6422057151794434,3.3273175000747046,2.5122814512784517,2.296725136346859,3.912301540374756,3.263224255356317,3.5998507687048535,2.8150557351467924,0.2700958251953125,-0.06409324471838751,1.0875693174264018,0.5183305987999334
A1V6P1ZE6Q8YEW_M_Fan_Regular_HS_Desk_Neighbor_fid39.wav,1,0.6053181290626526,0.29525813460350037,0.3100599944591522,2.819200277328491,2.467030174053325,1.7233041401192997,1.6084350114237227,3.042198657989502,3.1176574753207826,2.942046932720509,2.385168768965299,0.22299838066101074,0.6506273012674577,1.2187427926012095,0.7767337575415765
A1V6P1ZE6Q8YEW_M_Fan_Regular_HS_Desk_Neighbor_fid69.wav,1,0.6495486497879028,0.36099377274513245,0.2885548770427704,3.431213617324829,3.38156055695668,2.567430559644868,2.3009813906944574,3.7415759563446045,3.38502400574893,3.6249236017853947,2.8958300027940216,0.3103623390197754,0.0034634487922500234,1.0574930421405266,0.5948486120995642
A1V6P1ZE6Q8YEW_M_Fan_Regular_HS_Desk_Neighbor_fid71.wav,1,0.6856955289840698,0.20251931250095367,0.48317623138427734,3.2002451419830322,3.0684815565712964,2.25977404296652,2.102372882515314,3.8142025470733643,3.1279838300401477,3.745879390054329,2.7111529686334506,0.613957405090332,0.059502273468851286,1.486105347087809,0.6087800861181365
A1V6P1ZE6Q8YEW_M_Fan_Regular_HS_Desk_Primary_fid29.wav,1,0.6522435545921326,0.4350244402885437,0.21721911430358887,3.2542405128479004,3.4793826353933905,2.5681895047414196,2.4628970440247167,3.8863096237182617,3.5088065442629373,4.0212207419142745,3.2018519139139405,0.6320691108703613,0.02942390886954671,1.4530312371728549,0.7389548698892239
A1V6P1ZE6Q8YEW_M_Kitchen_Regular_HS_Desk_Neighbor_fid28.wav,1,0.6303980946540833,0.422431617975235,0.20796647667884827,3.3689515590667725,3.323720547134899,2.9100933045431057,2.51013152973091,3.6563777923583984,3.4485388665631787,3.7042453805851006,2.993385775256766,0.287426233291626,0.1248183194282797,0.7941520760419949,0.4832542455258557
A1V6P1ZE6Q8YEW_M_NoNoise_Regular_HS_Desk_Neighbor_fid1.wav,1,0.6662644147872925,0.3774546980857849,0.28880971670150757,3.5503005981445312,3.3515256297148337,2.838377538998517,2.408677486587743,3.9138152599334717,3.1813231473510175,3.7368406892837314,2.754815331362341,0.36351466178894043,-0.1702024823638162,0.8984631502852145,0.34613784477459797
A1V6P1ZE6Q8YEW_M_NoNoise_Regular_HS_Desk_Neighbor_fid110.wav,1,0.6748095154762268,0.38025733828544617,0.29455217719078064,3.5434794425964355,3.5101749055220637,2.8441043714942174,2.5881534785356872,3.8363189697265625,3.410081982669063,3.546106078136712,2.898018251368017,0.29283952713012695,-0.10009292285300075,0.7020017066424948,0.3098647728323298
A1V6P1ZE6Q8YEW_M_NoNoise_Regular_HS_Desk_Neighbor_fid208.wav,1,0.6852888464927673,0.3459271490573883,0.33936169743537903,3.5930163860321045,3.4134284372253916,2.6719473573848984,2.440922723901156,4.0507941246032715,3.43097692681203,4.0178843751837725,3.1029248826246043,0.457777738571167,0.01754848958663846,1.345937017798874,0.6620021587234484
A1V6P1ZE6Q8YEW_M_NoNoise_Regular_HS_Desk_Neighbor_fid67.wav,1,0.6324648857116699,0.36347946524620056,0.26898542046546936,3.7458839416503906,3.5100796385810495,2.9366245661670067,2.610405465552969,4.062090873718262,3.3995868660980038,3.9494289948385157,3.0599650795047095,0.3162069320678711,-0.11049277248304579,1.012804428671509,0.4495596139517404
A3A1PGYMYW0TPR_M_Fan_Regular_HS_Desk_Primary_fid22.wav,0,0.3511559069156647,0.657981812953949,0.3068259060382843,2.514716625213623,3.382914527264356,1.6448694977691314,1.9552677456601921,2.6805944442749023,3.182241022849878,2.6213418717813917,2.2939171734796004,0.1658778190612793,-0.2006735044144783,0.9764723740122603,0.3386494278194083
A3JYE8HBZWYVXG_F_Car_Regular_HS_Desk_Primary_fid9.wav,1,0.45170867443084717,0.15229825675487518,0.2994104027748108,2.6199820041656494,1.8281915586648967,1.3340699378537968,1.2423996664666255,2.7792625427246094,3.071246984686526,3.0756656727422818,2.451281236677777,0.15928053855895996,1.2430554260216293,1.741595734888485,1.2088815702111517
A3KAF6CU2BYVLG_M_Breathing_Regular_HS_Desk_Neighbor_fid24.wav,1,0.5477795004844666,0.3320986330509186,0.21568086743354797,3.0230906009674072,3.032381037853277,2.1255315123503102,1.9720562866439024,3.4547483921051025,3.3427340559454475,3.6810841716204044,2.910054423756955,0.4316577911376953,0.31035301809217053,1.5555526592700941,0.9379981371130526
A3KAF6CU2BYVLG_M_Door_Regular_HS_Desk_Neighbor_fid25.wav,1,0.564418375492096,0.15193209052085876,0.4124862849712372,2.8101930618286133,3.070174785146752,1.5839426188986985,1.7394234301239966,3.2496118545532227,3.4017636933036117,2.5258023431462586,2.34620126050049,0.4394187927246094,0.33158890815685993,0.9418597242475601,0.6067778303764932
A3KAF6CU2BYVLG_M_Eating_Regular_HS_Desk_Neighbor_fid43.wav,1,0.4625585377216339,0.24811168015003204,0.21444685757160187,3.2876944541931152,3.5048804974452494,3.0366659045761,2.6829278893152417,3.5428876876831055,3.5428588689363165,3.352044589331428,2.876103093103065,0.25519323348999023,0.03797837149106709,0.31537868475532793,0.19317520378782316
A3KAF6CU2BYVLG_M_Kitchen_Regular_HS_Desk_Neighbor_fid29.wav,1,0.57768714427948,0.21255582571029663,0.36513131856918335,2.6555979251861572,1.1978197496983698,1.136374275729271,1.1074270212533284,3.180310010910034,3.0228290098407817,2.825026516826308,2.2502525332972168,0.524712085723877,1.825009260142412,1.6886522410970368,1.1428255120438884
A3KAF6CU2BYVLG_M_Kitchen_Regular_HS_Desk_Primary_fid1.wav,1,0.5126939415931702,0.20738264918327332,0.30531129240989685,2.673419952392578,1.7277887416042383,1.511608277750852,1.388913415842585,3.48926043510437,3.0478539192861342,3.245012456158823,2.4704296647487323,0.815840482711792,1.320065177681896,1.7334041784079712,1.0815162489061472
A3KAF6CU2BYVLG_M_MouseClicks_Regular_HS_Desk_Neighbor_fid13.wav,1,0.5817298293113708,0.3251588046550751,0.2565710246562958,3.2035653591156006,3.4524117440794235,3.233758794400891,2.7247587590002786,3.532762289047241,3.3728039913312062,3.6025625645080708,2.888403857018947,0.3291969299316406,-0.0796077527482173,0.3688037701071796,0.16364509801866856
A3KAF6CU2BYVLG_M_NoNoise_Regular_HS_Desk_Neighbor_fid11.wav,1,0.588314950466156,0.26874321699142456,0.31957173347473145,3.158128023147583,3.418906462526701,2.748532826457655,2.49822062140334,3.458291530609131,3.295783271009175,3.8515753770834644,2.9245184732295306,0.30016350746154785,-0.12312319151752638,1.1030425506258092,0.42629785182619084
A593NTVU7Y8PE_M_Fan_Regular_HS_Desk_Primary_fid1.wav,1,0.6588925719261169,0.4167095422744751,0.24218302965164185,2.7562642097473145,3.3923589096671978,1.9197182103853307,2.0158233205549223,2.9111528396606445,3.2060668716654956,3.656769716215269,2.768124757268109,0.15488862991333008,-0.18629203800170213,1.7370515058299383,0.7523014367131866
A593NTVU7Y8PE_M_Typing_Regular_HS_Desk_Primary_fid5.wav,1,0.6189265847206116,0.35743021965026855,0.261496365070343,3.3329310417175293,3.6063332352484547,2.419497239471966,2.4507897872305646,3.0867059230804443,3.282343013405558,3.871679766559523,2.894232945946375,-0.24622511863708496,-0.3239902218428967,1.4521825270875568,0.4434431587158105
A593NTVU7Y8PE_M_Water_Regular_HS_Desk_Primary_fid19.wav,1,0.6992332935333252,0.3488582968711853,0.3503749966621399,2.5621635913848877,3.4562295812796404,1.9500502022331314,2.1466615670939224,3.070561408996582,3.10269772739184,3.5645577306926626,2.640797201090628,0.5083978176116943,-0.3535318538878003,1.6145075284595312,0.4941356339967058
A6KU5WJ2CIHFN_M_Clatter_Regular_HS_Desk_Primary_fid7.wav,1,0.7119035720825195,0.4869420826435089,0.22496148943901062,3.3794102668762207,3.636219032314323,2.9273103186233462,2.749635655887312,3.7811176776885986,3.5552261537102714,3.9291810260081865,3.211592639363582,0.40170741081237793,-0.08099287860405147,1.0018707073848403,0.46195698347627
A72LC42LU78IP_M_Baby_Emotional_HS_Desk_Primary_fid253.wav,1,0.34359535574913025,0.12921209633350372,0.21438325941562653,2.838887929916382,3.1594819071563744,2.21942456320712,2.217746072334611,3.4285662174224854,3.0080467415823904,3.5569770582689166,2.6314282832003077,0.5896782875061035,-0.15143516557398407,1.3375524950617965,0.41368221086569656
A8B4AE3QMECV_M_Kitchen_Regular_HS_Desk_Primary_fid6.wav,0,0.38148945569992065,0.5996320247650146,0.218142569065094,3.2667040824890137,3.572794566453654,3.492999081197074,2.9301958222488556,3.435192108154297,3.3161219912135613,3.8652399487522775,2.85712575026118,0.1684880256652832,-0.25667257524009246,0.37224086755520336,-0.07307007198767534
AU5CNN7GUH9D9_M_NoNoise_Regular_HS_Desk_Neighbor_fid123.wav,1,0.6104771494865417,0.4058041274547577,0.20467302203178406,3.5951104164123535,2.790278797692834,3.039985021856401,2.2291350381194324,3.5514373779296875,2.772829209373515,3.6220652866767864,2.4131841700491834,-0.043673038482666016,-0.017449588319318643,0.5820802648203856,0.18404913192975103
